SNP,A1,A2,EAF,beta,se,p,discovery_gwas,units
rs11615756,T,C,0.4,0.0171,0.0009,1.92E-87,UKB+23andMe,per category
rs385199,A,C,0.77,0.0185,0.001,1.36E-72,UKB+23andMe,per category
rs12140153,G,T,0.9,0.0211,0.0016,6.97E-41,UKB+23andMe,per category
rs2653349,A,G,0.21,0.0161,0.0011,5.87E-52,UKB+23andMe,per category
rs9965170,G,A,0.58,0.012,0.0009,1.54E-44,UKB+23andMe,per category
rs2250377,A,T,0.34,0.0121,0.0009,7.20E-40,UKB+23andMe,per category
rs2431108,C,T,0.33,0.0146,0.0009,9.95E-58,UKB+23andMe,per category
rs13284688,C,T,0.21,0.0148,0.0011,1.33E-43,UKB+23andMe,per category
rs614987,C,A,0.61,0.011,0.0012,7.50E-19,UKB,per category
rs10875622,A,G,0.58,0.009,0.0009,6.24E-26,UKB+23andMe,per category
rs796858289,GA,G,0.58,0.0105,0.0012,5.00E-17,UKB,per category
rs6919087,T,G,0.69,0.0081,0.0009,1.48E-18,UKB+23andMe,per category
rs174541,C,T,0.36,0.0091,0.0009,1.94E-23,UKB+23andMe,per category
rs2195272,T,G,0.33,0.007,0.0009,2.67E-14,UKB+23andMe,per category
rs2861805,A,G,0.54,0.0094,0.0009,2.50E-28,UKB+23andMe,per category
rs13033444,G,A,0.28,0.0089,0.001,4.01E-20,UKB+23andMe,per category
rs11258652,C,A,0.76,0.0099,0.001,4.05E-23,UKB+23andMe,per category
rs1592544,C,T,0.5,0.0072,0.0009,6.04E-17,UKB+23andMe,per category
rs12451365,C,T,0.2,0.0106,0.0011,5.00E-22,UKB+23andMe,per category
rs542011541,CT,C,0.24,0.0088,0.001,2.17E-18,UKB+23andMe,per category
rs749865489,CA,C,0.45,0.0085,0.0012,3.80E-12,UKB,per category
rs10149986,G,T,0.19,0.0086,0.0011,1.15E-14,UKB+23andMe,per category
rs2786547,C,T,0.82,0.0087,0.0011,1.76E-14,UKB+23andMe,per category
rs11125776,T,G,0.85,0.0079,0.0012,1.09E-10,UKB+23andMe,per category
rs350785,T,C,0.12,0.0106,0.0013,2.29E-15,UKB+23andMe,per category
rs2769916,A,G,0.69,0.0084,0.0009,1.04E-19,UKB+23andMe,per category
rs1601440,C,T,0.28,0.0091,0.0014,1.90E-11,UKB,per category
rs17158413,A,G,0.24,0.0074,0.001,2.13E-13,UKB+23andMe,per category
rs35011311,G,T,0.73,0.0077,0.001,2.50E-14,UKB+23andMe,per category
rs3935190,A,G,0.54,0.0072,0.0009,3.37E-17,UKB+23andMe,per category
rs962247,G,A,0.52,0.0071,0.0009,1.45E-16,UKB+23andMe,per category
rs60222088,C,A,0.85,0.0092,0.0012,1.15E-14,UKB+23andMe,per category
rs13150944,G,A,0.69,0.0086,0.0013,6.80E-11,UKB,per category
rs141957346,AT,A,0.59,0.0058,0.0009,3.48E-11,UKB+23andMe,per category
rs35039375,G,A,0.09,0.0118,0.0015,2.09E-15,UKB+23andMe,per category
rs4236060,T,C,0.27,0.0064,0.001,5.34E-11,UKB+23andMe,per category
rs80163246,C,T,0.12,0.0107,0.0014,3.53E-15,UKB+23andMe,per category
rs224111,G,A,0.61,0.0074,0.0009,1.62E-17,UKB+23andMe,per category
rs1001817,C,T,0.51,0.0083,0.0008,1.79E-22,UKB+23andMe,per category
rs10835420,T,A,0.75,0.0062,0.001,4.12E-10,UKB+23andMe,per category
rs2370926,T,C,0.63,0.0056,0.0009,7.31E-10,UKB+23andMe,per category
rs1883048,C,T,0.52,0.0057,0.0009,3.81E-11,UKB+23andMe,per category
rs12657723,T,C,0.32,0.0046,0.0009,6.41E-07,UKB+23andMe,per category
rs6452787,A,G,0.54,0.0077,0.0012,2.00E-10,UKB,per category
rs2099810,A,G,0.5,0.0058,0.0009,1.53E-11,UKB+23andMe,per category
rs4983329,A,C,0.56,0.0069,0.0009,6.28E-16,UKB+23andMe,per category
rs17049683,G,A,0.33,0.0056,0.0009,6.73E-10,UKB+23andMe,per category
rs9998136,G,C,0.75,0.0082,0.001,1.49E-16,UKB+23andMe,per category
rs60920123,G,A,0.57,0.0052,0.0009,1.77E-09,UKB+23andMe,per category
rs1931175,G,C,0.38,0.0062,0.0009,5.41E-13,UKB+23andMe,per category
rs285815,T,A,0.46,0.0059,0.0009,5.11E-12,UKB+23andMe,per category
rs271057,C,T,0.25,0.0085,0.001,5.45E-18,UKB+23andMe,per category
rs13023587,C,G,0.49,0.0068,0.0009,2.12E-15,UKB+23andMe,per category
rs351776,C,A,0.55,0.006,0.0009,2.21E-12,UKB+23andMe,per category
rs10257273,A,T,0.85,0.0085,0.0012,1.38E-12,UKB+23andMe,per category
rs9389556,G,C,0.26,0.0062,0.001,2.97E-10,UKB+23andMe,per category
rs113960908,GGT,G,0.23,0.0074,0.0011,2.49E-12,UKB+23andMe,per category
rs1415218,T,C,0.28,0.0061,0.001,2.57E-10,UKB+23andMe,per category
rs2417268,T,A,0.44,0.0051,0.0009,5.05E-09,UKB+23andMe,per category
rs34262487,C,A,0.93,0.0088,0.0017,1.12E-07,UKB+23andMe,per category
rs971415,A,G,0.88,0.0098,0.0013,1.23E-13,UKB+23andMe,per category
rs77154532,A,G,0.64,0.0062,0.0009,5.40E-12,UKB+23andMe,per category
rs301817,A,C,0.59,0.0062,0.0009,5.76E-13,UKB+23andMe,per category
rs11967137,A,G,0.81,0.0095,0.0011,2.93E-18,UKB+23andMe,per category
rs17265513,C,T,0.2,0.0082,0.0011,1.44E-14,UKB+23andMe,per category
rs4692709,C,T,0.45,0.0043,0.0009,3.83E-07,UKB+23andMe,per category
rs113493369,C,CA,0.53,0.0061,0.0009,7.54E-13,UKB+23andMe,per category
rs1518394,G,A,0.61,0.0049,0.0009,1.28E-08,UKB+23andMe,per category
rs528301822,T,A,0.29,0.0067,0.0009,1.35E-12,UKB+23andMe,per category
rs10811438,G,C,0.61,0.0053,0.0009,7.68E-10,UKB+23andMe,per category
rs1843815,T,A,0.55,0.0046,0.0009,5.92E-08,UKB+23andMe,per category
rs9309116,T,C,0.65,0.006,0.0009,5.25E-11,UKB+23andMe,per category
rs9883093,G,T,0.63,0.0069,0.0009,2.63E-14,UKB+23andMe,per category
rs9939355,C,T,0.44,0.0051,0.0009,2.14E-09,UKB+23andMe,per category
rs910187,G,A,0.63,0.0058,0.0009,2.56E-10,UKB+23andMe,per category
rs12346996,T,C,0.27,0.0068,0.001,3.74E-12,UKB+23andMe,per category
rs11071755,G,A,0.57,0.0043,0.0009,7.53E-07,UKB+23andMe,per category
rs12031519,A,G,0.89,0.0069,0.0014,3.44E-07,UKB+23andMe,per category
rs6663012,T,G,0.38,0.0062,0.0011,1.18E-08,UKB+23andMe,per category
rs388016,A,G,0.67,0.0053,0.0009,7.14E-09,UKB+23andMe,per category
rs2943023,C,T,0.58,0.0071,0.0012,7.40E-09,UKB,per category
rs35127490,CG,C,0.44,0.0056,0.0009,4.55E-11,UKB+23andMe,per category
rs62189006,A,G,0.91,0.0092,0.0015,6.85E-10,UKB+23andMe,per category
rs9460110,C,T,0.37,0.0062,0.0009,9.09E-12,UKB+23andMe,per category
rs3986805,G,A,0.41,0.0072,0.0012,8.70E-09,UKB,per category
rs2143792,G,A,0.57,0.0071,0.0012,9.10E-09,UKB,per category
rs10152428,C,G,0.73,0.0052,0.001,1.10E-07,UKB+23andMe,per category
rs11224896,T,C,0.89,0.0099,0.0014,3.96E-13,UKB+23andMe,per category
rs7422655,C,T,0.26,0.0068,0.001,3.02E-12,UKB+23andMe,per category
rs35144585,T,A,0.87,0.0057,0.0013,5.80E-06,UKB+23andMe,per category
rs10875606,C,A,0.32,0.007,0.0009,2.11E-14,UKB+23andMe,per category
rs56180058,C,T,0.84,0.0057,0.0012,2.67E-06,UKB+23andMe,per category
rs4357022,G,T,0.46,0.0051,0.0009,1.91E-09,UKB+23andMe,per category
rs4604518,G,A,0.55,0.0063,0.0009,2.06E-13,UKB+23andMe,per category
rs3732085,C,A,0.64,0.0063,0.0009,3.87E-12,UKB+23andMe,per category
rs7814873,C,T,0.38,0.0054,0.0009,2.26E-09,UKB+23andMe,per category
rs13263535,G,T,0.53,0.0062,0.0009,2.87E-13,UKB+23andMe,per category
rs2836909,G,A,0.31,0.0053,0.0009,9.13E-09,UKB+23andMe,per category
rs76824303,A,C,0.9,0.0081,0.0015,3.59E-08,UKB+23andMe,per category
rs112520848,C,G,0.39,0.0052,0.0009,7.09E-09,UKB+23andMe,per category
rs253666,A,G,0.76,0.0051,0.001,2.73E-07,UKB+23andMe,per category
rs17502738,T,C,0.8,0.006,0.0011,1.41E-08,UKB+23andMe,per category
rs12614085,C,T,0.09,0.0123,0.002,4.41E-10,UKB+23andMe,per category
rs3810484,A,G,0.56,0.0063,0.0009,1.31E-12,UKB+23andMe,per category
rs2059639,C,T,0.48,0.0034,0.0008,7.64E-05,UKB+23andMe,per category
rs62560863,T,C,0.1,0.0091,0.0014,3.26E-10,UKB+23andMe,per category
rs11383197,AG,A,0.68,0.0037,0.0009,6.46E-05,UKB+23andMe,per category
rs10639111,TGAGA,T,0.78,0.0049,0.0011,2.68E-06,UKB+23andMe,per category
rs189489,C,G,0.79,0.0083,0.0015,3.00E-08,UKB,per category
rs2699869,A,C,0.45,0.0066,0.0011,1.01E-09,UKB+23andMe,per category
rs936944,G,A,0.16,0.0091,0.0016,1.29E-08,UKB+23andMe,per category
rs2893323,A,G,0.35,0.0052,0.0009,1.07E-08,UKB+23andMe,per category
rs35851551,A,G,0.9,0.0094,0.0014,5.61E-11,UKB+23andMe,per category
rs927184,A,T,0.66,0.0072,0.0013,3.50E-08,UKB,per category
rs11502903,A,G,0.71,0.0076,0.0014,3.60E-08,UKB,per category
rs3943782,G,A,0.37,0.0053,0.0009,5.93E-09,UKB+23andMe,per category
rs34728579,C,T,0.2,0.0082,0.0011,1.22E-14,UKB+23andMe,per category
rs2084839,G,T,0.42,0.0067,0.0012,3.80E-08,UKB,per category
rs73817091,T,C,0.04,0.0091,0.0021,1.94E-05,UKB+23andMe,per category
rs1941182,A,C,0.42,0.0058,0.0009,2.06E-11,UKB+23andMe,per category
rs2284015,G,C,0.26,0.0053,0.001,9.38E-08,UKB+23andMe,per category
rs140506252,A,T,0.98,0.0216,0.0031,5.76E-12,UKB+23andMe,per category
rs4356873,C,T,0.24,0.0064,0.001,1.37E-10,UKB+23andMe,per category